,URL,Title,Visit time,Chrome time,Duration,AWIT
0,https://search.yahoo.com/search?fr=mcafee&type=E210US91213G0&p=how+to+convert+milliseconds+to+seconds,how to convert milliseconds to seconds - Yahoo Search Results,2022-03-29 18:10:02,13293022202469138,1,13293108855195970
1,https://www.checkyourmath.com/convert/time/milliseconds_seconds.php,Convert milliseconds to seconds - Time Conversions,2022-03-29 18:10:19,13293022219480559,1,13293108855195970
2,https://search.yahoo.com/search;_ylt=Awr9CJNv20JiMVUAIVNXNyoA;_ylc=X1MDMjc2NjY3OQRfcgMyBGZyA21jYWZlZQRmcjIDc2ItdG9wBGdwcmlkA2h6QmJvTjk4U1J1SGZMWVZncGU4NkEEbl9yc2x0AzAEbl9zdWdnAzEEb3JpZ2luA3NlYXJjaC55YWhvby5jb20EcG9zAzAEcHFzdHIDBHBxc3RybAMwBHFzdHJsAzM3BHF1ZXJ5AzEzMjkzMDIyMjE5NDgwNTU5JTIwLSUyMDEzMjkzMDIyMjAyNDY5MTM4BHRfc3RtcAMxNjQ4NTQ4ODI3?p=13293022219480559+-+13293022202469138&fr2=sb-top&fr=mcafee&type=E210US91213G0,13293022219480559 - 13293022202469138 - Yahoo Search Results,2022-03-29 18:13:47,13293022427372476,1,13293108855195970
3,https://search.yahoo.com/search?fr=mcafee&type=E210US91213G0&p=mili+seconds+calculator,mili seconds calculator - Yahoo Search Results,2022-03-29 18:14:00,13293022440466923,1,13293108855195970
4,https://www.timecalculator.net/milliseconds-to-seconds,Milliseconds to Seconds Conversion (ms to sec),2022-03-29 18:14:00,13293022440698584,1,13293108855195970
5,https://search.yahoo.com/search;_ylt=Awr9ImFl20Ji8LUAQ3VXNyoA;_ylc=X1MDMjc2NjY3OQRfcgMyBGZyA21jYWZlZQRmcjIDc2EtZ3Atc2VhcmNoBGdwcmlkA1hyZ2pKTWdsUlBTUGtPWUlZenpBOEEEbl9yc2x0AzAEbl9zdWdnAzEwBG9yaWdpbgNzZWFyY2gueWFob28uY29tBHBvcwMxBHBxc3RyA2NhbARwcXN0cmwDMwRxc3RybAMxMARxdWVyeQNjYWxjdWxhdG9yBHRfc3RtcAMxNjQ4NTQ4NzE5BHVzZV9jYXNlAw--?p=calculator&fr2=sa-gp-search&fr=mcafee&type=E210US91213G0,calculator - Yahoo Search Results,2022-03-29 18:14:51,13293022491929374,1,13293108855195970
6,https://search.yahoo.com/search;_ylt=Awr9CJNv20JiMVUAIVNXNyoA;_ylc=X1MDMjc2NjY3OQRfcgMyBGZyA21jYWZlZQRmcjIDc2ItdG9wBGdwcmlkA25JcG5zZHlxUTNTM1F5WHRHSTVVOEEEbl9yc2x0AzAEbl9zdWdnAzEEb3JpZ2luA3NlYXJjaC55YWhvby5jb20EcG9zAzAEcHFzdHIDBHBxc3RybAMwBHFzdHJsAzM3BHF1ZXJ5AzEzMjkzMDIyMjE5NDgwNTU5JTIwLSUyMDEzMjkzMDIyMjAyNDY5MTM4BHRfc3RtcAMxNjQ4NTQ4OTE1?p=13293022219480559+-+13293022202469138&fr2=sb-top&fr=mcafee&type=E210US91213G0,13293022219480559 - 13293022202469138 - Yahoo Search Results,2022-03-29 18:15:15,13293022515810692,1,13293108855195970
7,https://search.yahoo.com/search;_ylt=AwrT4aEz3EJiI8sAbTRXNyoA;_ylc=X1MDMjc2NjY3OQRfcgMyBGZyA21jYWZlZQRmcjIDc2ItdG9wBGdwcmlkA09UT3VpUDBEUXZtd3VfT1dXSkxOS0EEbl9yc2x0AzAEbl9zdWdnAzEEb3JpZ2luA3NlYXJjaC55YWhvby5jb20EcG9zAzAEcHFzdHIDBHBxc3RybAMwBHFzdHJsAzM3BHF1ZXJ5AzEzMjkzMDIyMjE5NDgwNTU5JTIwLSUyMDEzMjkzMDIyMjAyNDY5MTM4BHRfc3RtcAMxNjQ4NTQ4OTMw?p=13293022219480559+-+13293022202469138&fr2=sb-top&fr=mcafee&type=E210US91213G0,13293022219480559 - 13293022202469138 - Yahoo Search Results,2022-03-29 18:15:30,13293022530280102,1,13293108855195970
8,https://search.yahoo.com/search;_ylt=Awr9DtZC3EJiBrUAAR9XNyoA;_ylc=X1MDMjc2NjY3OQRfcgMyBGZyA21jYWZlZQRmcjIDc2ItdG9wBGdwcmlkA3BJVVhIS1c1U1hXdXIzN3lFZFBVM0EEbl9yc2x0AzAEbl9zdWdnAzEEb3JpZ2luA3NlYXJjaC55YWhvby5jb20EcG9zAzAEcHFzdHIDBHBxc3RybAMwBHFzdHJsAzM3BHF1ZXJ5AzEzMjkzMDIyMjE5NDgwNTU5JTIwLSUyMDEzMjkzMDIyMjAyNDY5MTM4BHRfc3RtcAMxNjQ4NTQ4OTQ1?p=13293022219480559+-+13293022202469138&fr2=sb-top&fr=mcafee&type=E210US91213G0,13293022219480559 - 13293022202469138 - Yahoo Search Results,2022-03-29 18:15:45,13293022545242313,1,13293108855195970
9,https://search.yahoo.com/search?fr=mcafee&type=E210US91213G0&p=time+calclutor,time calclutor - Yahoo Search Results,2022-03-29 18:23:28,13293023008946639,1,13293108855195970
10,https://www.calculator.net/time-calculator.html,Time Calculator,2022-03-29 18:23:29,13293023009188352,1,13293108855195970
11,https://www.calculator.net/time-calculator.html?tcday1=&tchour1=10&tcminute1=23&tcsecond1=23&Op=-&tcday2=&tchour2=10&tcminute2=19&tcsecond2=49&tcday3=&tchour3=&tcminute3=&tcsecond3=&ctype=1&x=55&y=32,Time Calculator,2022-03-29 18:24:41,13293023081497979,1,13293108855195970
12,https://search.yahoo.com/search?fr=mcafee&type=E210US91213G0&p=seconds+to+minutes,seconds to minutes - Yahoo Search Results,2022-03-29 18:24:57,13293023097477357,1,13293108855195970
13,https://www.checkyourmath.com/convert/time/seconds_minutes.php,Convert seconds to minutes - Time Conversions,2022-03-29 18:25:05,13293023105617019,1,13293108855195970
14,https://search.yahoo.com/search?fr=mcafee&type=E210US91213G0&p=how+to+convert+seconds+into+hours+and+minutes,how to convert seconds into hours and minutes - Yahoo Search Results,2022-03-29 18:26:15,13293023175943433,1,13293108855195970
15,https://search.yahoo.com/search;_ylt=AwrTLYvH3kJiC3wA0hBXNyoA;_ylc=X1MDMjc2NjY3OQRfcgMyBGZyA21jYWZlZQRmcjIDc2ItdG9wBGdwcmlkA1ZyR2owNFNCUlR5WmlJV1lOdV9ickEEbl9yc2x0AzAEbl9zdWdnAzQEb3JpZ2luA3NlYXJjaC55YWhvby5jb20EcG9zAzAEcHFzdHIDBHBxc3RybAMwBHFzdHJsAzUyBHF1ZXJ5A2hvdyUyMHRvJTIwY29udmVydCUyMHNlY29uZHMlMjBpbnRvJTIwaG91cnMlMjBhbmQlMjBtaW51dGVzJTIwcHl0aG9uBHRfc3RtcAMxNjQ4NTQ5NTc5?p=how+to+convert+seconds+into+hours+and+minutes+python&fr2=sb-top&fr=mcafee&type=E210US91213G0,how to convert seconds into hours and minutes python - Yahoo Search Results,2022-03-29 18:26:19,13293023179105371,1,13293108855195970
16,"https://www.studytonight.com/python-howtos/how-to-convert-seconds-to-hours-minutes-and-seconds-in-python#:~:text=The%20time%20module%20of%20Python%20provides%20datetime.strftime%20%28%29,It%20prints%20the%20seconds%20in%20the%20preferred%20format.","How to Convert Seconds to Hours, Minutes and Seconds in Python - Studytonight",2022-03-29 18:26:20,13293023180997508,1,13293108855195970
17,https://search.yahoo.com/search?fr=mcafee&type=E210US91213G0&p=for+loop+in+python+with+iteraion,for loop in python with iteraion - Yahoo Search Results,2022-03-29 18:33:00,13293023580635655,1,13293108855195970
18,https://realpython.com/python-for-loop/,"Python ""for"" Loops (Definite Iteration) – Real Python",2022-03-29 18:33:01,13293023581212364,1,13293108855195970
19,https://www.youtube.com/results?search_query=for+loop+in+python+with+iteration,for loop in python with iteration - YouTube,2022-03-29 18:34:04,13293023644512200,1,13293108855195970
20,https://www.youtube.com/watch?v=6iF8Xb7Z3wQ,Python Tutorial for Beginners 7: Loops and Iterations - For/While Loops - YouTube,2022-03-29 18:34:08,13293023648457836,1,13293108855195970
21,https://search.yahoo.com/search?fr=mcafee&type=E210US91213G0&p=how+to+concatenate+string+and+int+in+python,how to concatenate string and int in python - Yahoo Search Results,2022-03-29 18:42:24,13293024144255702,1,13293108855195970
22,https://www.yawintutor.com/typeerror-cannot-concatenate-str-and-int-objects-in-python/,TypeError: cannot concatenate ‘str’ and ‘int’ objects – Yawin Tutor,2022-03-29 18:42:29,13293024149414584,1,13293108855195970
23,https://search.yahoo.com/search?fr=mcafee&type=E210US91213G0&p=how+to+get+maximum+length+of+rown+in+csv+python,how to get maximum length of rown in csv python - Yahoo Search Results,2022-03-29 18:54:11,13293024851925176,1,13293108855195970
24,https://r.search.yahoo.com/_ylt=Awr9Du5T5UJinoMAFWlXNyoA;_ylu=Y29sbwNncTEEcG9zAzEEdnRpZAMEc2VjA3Nj/RV=2/RE=1648580052/RO=10/RU=https%3a%2f%2fstackoverflow.com%2fquestions%2f16108526%2fhow-to-obtain-the-total-numbers-of-rows-from-a-csv-file-in-python/RK=2/RS=1NZ7Ijy7P7GJO9VNOUtQNjMD9gA-,How to obtain the total numbers of rows from a CSV file in Python? - Stack Overflow,2022-03-29 18:54:15,13293024855622140,1,13293108855195970
25,https://stackoverflow.com/questions/16108526/how-to-obtain-the-total-numbers-of-rows-from-a-csv-file-in-python,How to obtain the total numbers of rows from a CSV file in Python? - Stack Overflow,2022-03-29 18:54:15,13293024855960167,1,13293108855195970
26,https://search.yahoo.com/search?fr=mcafee&type=E210US91213G0&p=return+series._values%5Bindex%5D+IndexError%3A+index+21+is+out+of+bounds+for+axis+0+with+size+21,return series._values[index] IndexError: index 21 is out of bounds for axis 0 with size 21 - Yahoo Search Results,2022-03-29 18:56:30,13293024990196748,1,13293108855195970
27,https://r.search.yahoo.com/_ylt=AwrTLYje5UJiH0gASSZXNyoA;_ylu=Y29sbwNncTEEcG9zAzEEdnRpZAMEc2VjA3Ny/RV=2/RE=1648580190/RO=10/RU=https%3a%2f%2fdataanalyticsireland.ie%2f2021%2f04%2f04%2findexerror-index-2-is-out-of-bounds-for-axis-0-with-size-2%2f/RK=2/RS=BiWZvtRO7IC_EL3JggnTqsfQu9c-,Index Error: index 2 is out of bounds for axis 0 with size 2,2022-03-29 18:56:32,13293024992026563,1,13293108855195970
28,https://dataanalyticsireland.ie/2021/04/04/indexerror-index-2-is-out-of-bounds-for-axis-0-with-size-2/,Index Error: index 2 is out of bounds for axis 0 with size 2,2022-03-29 18:56:32,13293024992432593,1,13293108855195970
29,https://r.search.yahoo.com/_ylt=AwrTLYje5UJiH0gASyZXNyoA;_ylu=Y29sbwNncTEEcG9zAzIEdnRpZAMEc2VjA3Ny/RV=2/RE=1648580190/RO=10/RU=https%3a%2f%2fstackoverflow.com%2fquestions%2f41492288%2fwhat-does-index-0-is-out-of-bounds-for-axis-0-with-size-0-mean/RK=2/RS=gceSQRKzVzaeZFoj_4eE2nEdduA-,python - What does 'index 0 is out of bounds for axis 0 with size 0' mean? - Stack Overflow,2022-03-29 18:57:54,13293025074037193,1,13293108855195970
30,https://stackoverflow.com/questions/41492288/what-does-index-0-is-out-of-bounds-for-axis-0-with-size-0-mean,python - What does 'index 0 is out of bounds for axis 0 with size 0' mean? - Stack Overflow,2022-03-29 18:57:54,13293025074387877,1,13293108855195970
31,https://r.search.yahoo.com/_ylt=AwrTLYje5UJiH0gAVSZXNyoA;_ylu=Y29sbwNncTEEcG9zAzMEdnRpZAMEc2VjA3Ny/RV=2/RE=1648580190/RO=10/RU=https%3a%2f%2fdataanalyticsireland.ie%2ftag%2fout-of-bounds%2f/RK=2/RS=42vsHH.Pd_h1nvZpj0XFfvCGCnM-,out of bounds is a value outside a range of values for the index,2022-03-29 18:58:24,13293025104153815,1,13293108855195970
32,https://dataanalyticsireland.ie/tag/out-of-bounds/,out of bounds is a value outside a range of values for the index,2022-03-29 18:58:24,13293025104605404,1,13293108855195970
33,https://r.search.yahoo.com/_ylt=AwrTLbPq5kJihxMA.U5XNyoA;_ylu=Y29sbwNncTEEcG9zAzEEdnRpZAMEc2VjA3Ny/RV=2/RE=1648580459/RO=10/RU=https%3a%2f%2fstackoverflow.com%2fquestions%2f39919181%2findexerror-index-is-out-of-bounds-for-axis-0-with-size/RK=2/RS=RbD2Bbb6GEP7KnoGg4oAj565yI0-,python - IndexError: index is out of bounds for axis 0 with size - Stack Overflow,2022-03-29 19:01:01,13293025261318922,1,13293108855195970
34,https://stackoverflow.com/questions/39919181/indexerror-index-is-out-of-bounds-for-axis-0-with-size,python - IndexError: index is out of bounds for axis 0 with size - Stack Overflow,2022-03-29 19:01:01,13293025261646551,1,13293108855195970
35,https://search.yahoo.com/search?fr=mcafee&type=E210US91213G0&p=IndexError%3A+index+21+is+out+of+bounds+for+axis+0+with+size+21,IndexError: index 21 is out of bounds for axis 0 with size 21 - Yahoo Search Results,2022-03-29 19:01:23,13293025283306009,1,13293108855195970
36,https://github.com/usnistgov/fipy/issues/835,IndexError: index n is out of bounds for axis 0 with size n using coupled equations · Issue #835 · usnistgov/fipy · GitHub,2022-03-29 19:01:24,13293025284068619,1,13293108855195970
37,https://github.com/rbgirshick/py-faster-rcnn/issues/378,IndexError: index 21 is out of bounds for axis 1 with size 21 · Issue #378 · rbgirshick/py-faster-rcnn · GitHub,2022-03-29 19:01:33,13293025293149372,1,13293108855195970
38,https://github.com/waxnkw/gvcnn-pytorch/issues/4,IndexError: index 21 is out of bounds for axis 0 with size 21 · Issue #4 · waxnkw/gvcnn-pytorch · GitHub,2022-03-29 19:01:56,13293025316068882,1,13293108855195970
39,https://www.youtube.com/results?search_query=how+to+prevent+out+of+bounds+python,how to prevent out of bounds python - YouTube,2022-03-29 19:51:06,13293028266881184,1,13293108855195970
40,https://www.youtube.com/watch?v=fe3nwCR6r2o,Python IndexError: List Index Out of Range (How to Fix This Stupid Bug) - YouTube,2022-03-29 19:51:09,13293028269948973,1,13293108855195970
41,https://www.youtube.com/watch?v=hBQwXbw467E,Python While Loops (Avoiding Infinite Loop Battles) - YouTube,2022-03-29 19:53:32,13293028412753704,1,13293108855195970
42,https://www.youtube.com/watch?v=BOyZE0s7JHA,Python While Loop & Try and Except Block - YouTube,2022-03-29 19:55:37,13293028537437699,1,13293108855195970
43,https://www.youtube.com/results?search_query=how+to+prevent+out+of+bounds+on+while+loop+python,how to prevent out of bounds on while loop python - YouTube,2022-03-29 19:58:53,13293028733355789,1,13293108855195970
44,https://search.yahoo.com/search?fr=mcafee&type=E210US91213G0&p=how+to+prevent+out+of+bounds+on+while+loop+python,how to prevent out of bounds on while loop python - Yahoo Search Results,2022-03-29 19:59:17,13293028757558471,1,13293108855195970
45,https://r.search.yahoo.com/_ylt=AwrTLbKV9EJioDwAaWBXNyoA;_ylu=Y29sbwNncTEEcG9zAzEEdnRpZAMEc2VjA3Nj/RV=2/RE=1648583957/RO=10/RU=https%3a%2f%2fdatagy.io%2fpython-indexerror-list-index-out-of-range%2f%23%3a~%3atext%3dBecause%2520Python%2520list%2520indices%2520begin%2520at%2520the%2520value%2cover%2520the%2520index%2520from%2520going%2520out%2520of%2520range./RK=2/RS=OGX6x95W_18I9koxfmwwYiBCq_M-,Python IndexError: List Index Out of Range Error Explained • datagy,2022-03-29 19:59:20,13293028760231588,1,13293108855195970
46,"https://datagy.io/python-indexerror-list-index-out-of-range/#:~:text=Because%20Python%20list%20indices%20begin%20at%20the%20value,over%20the%20index%20from%20going%20out%20of%20range.",Python IndexError: List Index Out of Range Error Explained • datagy,2022-03-29 19:59:20,13293028760955413,1,13293108855195970
47,https://www.youtube.com/watch?v=UvCO5gKQqtE,Pandas How add new column existing DataFrame - YouTube,2022-03-29 20:10:28,13293029428567561,1,13293108855195970
48,https://www.youtube.com/results?search_query=how+to+add+new+column+in+existing+csv+file+using+python,how to add new column in existing csv file using python - YouTube,2022-03-29 20:32:38,13293030758706610,1,13293108855195970
49,https://www.youtube.com/watch?v=B4Rf4JvdmRo,Append CSV in Python | Append data to already existing CSV file Python - YouTube,2022-03-29 20:32:41,13293030761698501,1,13293108855195970
50,https://www.youtube.com/results?search_query=how+to+add+new+column+in+exsiting+csv+uing+python+,how to add new column in exsiting csv uing python - YouTube,2022-03-29 20:44:53,13293031493113895,1,13293108855195970
51,https://www.youtube.com/watch?v=IZ8oCcVB3iA,How to Add New Column in Pandas Dataframe? | GeeksforGeeks - YouTube,2022-03-29 20:45:05,13293031505111015,1,13293108855195970
52,https://video.search.yahoo.com/search/video;_ylt=Awr9ImYAA0NiLwkAMrZXNyoA;_ylu=Y29sbwNncTEEcG9zAzIEdnRpZAMEc2VjA3Nj?p=how+to+add+new+column+in+exsiting+csv+uing+python&type=E210US91213G0&ei=UTF-8&fr=mcafee&turl=https%3A%2F%2Ftse1.mm.bing.net%2Fth%3Fid%3DOVP.PBRk8XA_qhnnSnu5hxI_tAEsCo%26pid%3DApi%26w%3D200%26h%3D114%26c%3D7&rurl=https%3A%2F%2Fwww.youtube.com%2Fwatch%3Fv%3D-jerzfh2bS0&tit=Python+Pandas+Data+Science+Tutorial+%28Read+CSV%2FExcel%2C+add%2Fdelete+columns%2C+Filter%2C+Groupby%2C+Slice%29&pos=1&vid=fbc88be59df18eafbd2a869d600ff4c4&sigr=JBwvCqxZ9NT4&sigt=nRoRVAxQnrnQ&sigi=PemguUNL1QOX,how to add new column in exsiting csv uing python - Yahoo Video Search Results,2022-03-29 21:01:53,13293032513506753,1,13293108855195970
53,https://video.search.yahoo.com/search/video?fr=mcafee&ei=UTF-8&p=how+to+add+new+column+in+exsiting+csv+uing+python&type=E210US91213G0,how to add new column in exsiting csv uing python - Yahoo Video Search Results,2022-03-29 21:01:55,13293032515320561,1,13293108855195970
54,https://video.search.yahoo.com/search/video?fr=mcafee&ei=UTF-8&p=how+to+add+new+column+in+exsiting+csv+uing+python&type=E210US91213G0#id=1&vid=fbc88be59df18eafbd2a869d600ff4c4&action=click,how to add new column in exsiting csv uing python - Yahoo Video Search Results,2022-03-29 21:01:55,13293032515325621,1,13293108855195970
55,https://r.search.yahoo.com/_ylt=Awr9ImYAA0NiLwkAObZXNyoA;_ylu=Y29sbwNncTEEcG9zAzIEdnRpZAMEc2VjA3Ny/RV=2/RE=1648587648/RO=10/RU=https%3a%2f%2fstatisticsglobe.com%2fadd-new-column-existing-csv-file-python/RK=2/RS=DoPOyoMtbAliyd8M.WNkVNz3sU4-,Add Column to Existing CSV File in Python | List to pandas DataFrame,2022-03-29 21:02:30,13293032550233006,1,13293108855195970
56,https://r.search.yahoo.com/_ylt=Awr9ImYAA0NiLwkAPrZXNyoA;_ylu=Y29sbwNncTEEcG9zAzMEdnRpZAMEc2VjA3Ny/RV=2/RE=1648587648/RO=10/RU=https%3a%2f%2fpython-programs.com%2fpython-add-a-column-to-an-existing-csv-file%2f/RK=2/RS=Qg4M8t6ZV77uTD4bY_ceN8aAd9I-,Python: Add a Column to an Existing CSV File - Python Programs,2022-03-29 21:03:32,13293032612157555,1,13293108855195970
57,https://search.yahoo.com/search?fr=mcafee&type=E210US91213G0&p=oo,oo - Yahoo Search Results,2022-03-29 21:03:38,13293032618451830,1,13293108855195970
58,https://python-programs.com/python-add-a-column-to-an-existing-csv-file/,Python: Add a Column to an Existing CSV File - Python Programs,2022-03-29 21:03:39,13293032619197956,1,13293108855195970
59,https://r.search.yahoo.com/_ylt=Awr9ImYAA0NiLwkAMbZXNyoA;_ylu=Y29sbwNncTEEcG9zAzEEdnRpZAMEc2VjA3Nj/RV=2/RE=1648587648/RO=10/RU=https%3a%2f%2fstackoverflow.com%2fquestions%2f36882130%2fhow-to-append-a-new-column-to-a-csv-file-using-python%23%3a~%3atext%3dimport%2520pandas%2520as%2520pd%2520df%2520%253D%2520pd.read_csv%2520%2528%2527path%252Fto%252Fcsv.csv%2527%252C%2csave%2520the%2520dataframe%2520to%2520CSV%2520df.to_csv%2520%2528%2527path%252Fto%252Ffile.csv%2527%252C%2520sep%253D%2527t%2527%2529/RK=2/RS=39_gfc7fRie1KmrWHFHBuCqRqm8-,How to append a new column to a CSV file using Python? - Stack Overflow,2022-03-29 21:03:45,13293032625093172,1,13293108855195970
60,http://statisticsglobe.com/add-new-column-existing-csv-file-python,Add Column to Existing CSV File in Python | List to pandas DataFrame,2022-03-29 21:04:57,13293032697335740,1,13293108855195970
61,https://search.yahoo.com/search?fr=mcafee&type=E210US91213G0&p=how+to+put+in+an+array+the+output+of+while+loop+python,how to put in an array the output of while loop python - Yahoo Search Results,2022-03-29 21:11:09,13293033069736326,1,13293108855195970
62,https://r.search.yahoo.com/_ylt=Awr9DuptBUNiDr0AcHdXNyoA;_ylu=Y29sbwNncTEEcG9zAzEEdnRpZAMEc2VjA3Ny/RV=2/RE=1648588269/RO=10/RU=https%3a%2f%2fstackoverflow.com%2fquestions%2f42330201%2fassign-values-to-array-during-loop-python/RK=2/RS=SqnSvzH4.KRgr79J0qYcS6ZnTfg-,Assign values to array during loop - Python - Stack Overflow,2022-03-29 21:11:18,13293033078854297,1,13293108855195970
63,https://stackoverflow.com/questions/42330201/assign-values-to-array-during-loop-python,Assign values to array during loop - Python - Stack Overflow,2022-03-29 21:11:19,13293033079186711,1,13293108855195970
64,https://r.search.yahoo.com/_ylt=Awr9ImYAA0NiLwkAQrZXNyoA;_ylu=Y29sbwNncTEEcG9zAzUEdnRpZAMEc2VjA3Ny/RV=2/RE=1648587648/RO=10/RU=https%3a%2f%2fstackoverflow.com%2fquestions%2f23682236%2fadd-a-new-column-to-an-existing-csv-file/RK=2/RS=O46j54jPybZ7PnvKEXONqMJo3pM-,python - add a new column to an existing csv file - Stack Overflow,2022-03-29 21:14:01,13293033241486596,1,13293108855195970
65,https://stackoverflow.com/questions/23682236/add-a-new-column-to-an-existing-csv-file,python - add a new column to an existing csv file - Stack Overflow,2022-03-29 21:14:01,13293033241840970,1,13293108855195970
66,https://search.yahoo.com/search?fr=mcafee&type=E210US91213G0&p=how+to+run+function+in+python,how to run function in python - Yahoo Search Results,2022-03-29 21:26:42,13293034002231313,1,13293108855195970
67,https://www.pythoncentral.io/how-to-call-a-function-in-python-guide/,How to Call a Function in Python Guide | Python Central,2022-03-29 21:26:46,13293034006526037,1,13293108855195970
68,https://www.facebook.com/,Facebook,2022-03-30 00:26:51,13293044811609978,1,13293108855195970
69,https://www.facebook.com/sem_campaigns/sem_pixel_test/?category=1&src=https%3A%2F%2Fgoogleads.g.doubleclick.net%2Fpagead%2Fviewthroughconversion%2F995153884%2F%3Fvalue%3D1.00%26currency_code%3DUSD%26label%3DWu-ZCMSIzlwQ3K_D2gM%26guid%3DON%26script%3D0&subcategory=control&ext=1648830414&hash=AeRGaNhQeGZqCjJr_Eo,,2022-03-30 00:26:57,13293044817854586,1,13293108855195970
70,https://www.facebook.com/sem_campaigns/sem_pixel_test/?category=10&src=https%3A%2F%2Fgoogleads.g.doubleclick.net%2Fpagead%2Fviewthroughconversion%2F1032622309%2F%3Fvalue%3D1.00%26currency_code%3DUSD%26label%3DV_pUCOK574MBEOWhsuwD%26guid%3DON%26script%3D0&subcategory=0&ext=1648830414&hash=AeSXv3Parj8TL3j4STA,,2022-03-30 00:26:57,13293044817893767,1,13293108855195970
71,https://www.facebook.com/sem_campaigns/sem_pixel_test/?category=14&src=https%3A%2F%2Fgoogleads.g.doubleclick.net%2Fpagead%2Fviewthroughconversion%2F1032622309%2F%3Fvalue%3D1.00%26currency_code%3DUSD%26label%3DqRpeCLOw56cBEOWhsuwD%26guid%3DON%26script%3D0&subcategory=aishvar_PH_2_of_3&ext=1648830414&hash=AeTNpkrojwF9W7JPokM,,2022-03-30 00:26:57,13293044817916913,1,13293108855195970
72,https://www.facebook.com/messages/t/,(1) Messenger | Facebook,2022-03-30 00:27:13,13293044833451306,1,13293108855195970
73,https://www.facebook.com/messages/t/100001736678804/,(1) Messenger | Facebook,2022-03-30 00:27:14,13293044834401794,1,13293108855195970
74,https://www.facebook.com/sem_campaigns/sem_pixel_test/?category=1&src=https%3A%2F%2Fgoogleads.g.doubleclick.net%2Fpagead%2Fviewthroughconversion%2F995153884%2F%3Fvalue%3D1.00%26currency_code%3DUSD%26label%3DWu-ZCMSIzlwQ3K_D2gM%26guid%3DON%26script%3D0&subcategory=control&ext=1648830435&hash=AeT7nBMRjwjes3C4pcw,,2022-03-30 00:27:19,13293044839689147,1,13293108855195970
75,https://www.facebook.com/sem_campaigns/sem_pixel_test/?category=10&src=https%3A%2F%2Fgoogleads.g.doubleclick.net%2Fpagead%2Fviewthroughconversion%2F1032622309%2F%3Fvalue%3D1.00%26currency_code%3DUSD%26label%3DV_pUCOK574MBEOWhsuwD%26guid%3DON%26script%3D0&subcategory=0&ext=1648830435&hash=AeSFaJWdjLLxv8-TB-k,,2022-03-30 00:27:19,13293044839826448,1,13293108855195970
76,https://www.facebook.com/sem_campaigns/sem_pixel_test/?category=14&src=https%3A%2F%2Fgoogleads.g.doubleclick.net%2Fpagead%2Fviewthroughconversion%2F1032622309%2F%3Fvalue%3D1.00%26currency_code%3DUSD%26label%3DqRpeCLOw56cBEOWhsuwD%26guid%3DON%26script%3D0&subcategory=aishvar_PH_2_of_3&ext=1648830435&hash=AeQ_RR9ftwkHibhzc1k,,2022-03-30 00:27:19,13293044839905605,1,13293108855195970
77,https://www.facebook.com/messages/t/4981378801878189,(2) Messenger | Facebook,2022-03-30 00:27:31,13293044851257089,1,13293108855195970
78,https://www.facebook.com/photo.php?fbid=5240820852597431&set=p.5240820852597431&type=3,(2) Facebook,2022-03-30 00:29:18,13293044958175883,1,13293108855195970
79,https://www.facebook.com/photo/?fbid=3164518327140038&set=a.1672206786371207,(2) Facebook,2022-03-30 00:29:27,13293044967766289,1,13293108855195970
80,https://www.facebook.com/TheRealLjCinco/posts/3164518350473369,(2) Facebook,2022-03-30 00:33:21,13293045201065774,1,13293108855195970
81,https://www.facebook.com/messages/t/100001736678804,(2) Messenger | Facebook,2022-03-30 00:33:23,13293045203536136,1,13293108855195970
82,https://www.youtube.com/watch?v=XNQnEKzW38Y,50+ must know jumps on every map - Valorant jump guide - YouTube,2022-03-30 01:51:34,13293049894985606,1,13293108855195970
83,https://www.tiktok.com/,(2)TikTok - Make Your Day,2022-03-30 02:55:40,13293053740688861,1,13293108855195970
84,https://axiemanagers.io/,Axie Scholar Tracker for Axie Managers,2022-03-30 14:28:26,13293095306672509,1,13293108855195970
85,https://www.youtube.com/results?search_query=junnie+boy+cong+tv,junnie boy cong tv - YouTube,2022-03-30 14:36:50,13293095810957018,1,13293108855195970
86,https://www.youtube.com/results?search_query=vien+junnie+wedding,vien junnie wedding - YouTube,2022-03-30 14:36:57,13293095817969516,1,13293108855195970
87,https://www.youtube.com/watch?v=RcBZIB1Vmzk,CONG G - YouTube,2022-03-30 14:37:24,13293095844256388,1,13293108855195970
88,https://www.youtube.com/watch?v=YQP7BuB24Es,"USAPANG ""LOYAL"" ft. CONG & VIY (MAINIT INIT!!!) - YouTube",2022-03-30 14:59:13,13293097153063786,1,13293108855195970
89,https://search.yahoo.com/search?fr=mcafee&type=E210US91213G0&p=how+to+insert+new+column+in+csv+using+python,how to insert new column in csv using python - Yahoo Search Results,2022-03-30 15:06:34,13293097594505947,1,13293108855195970
90,https://r.search.yahoo.com/_ylt=Awr9DuR6AURiyBIAzltXNyoA;_ylu=Y29sbwNncTEEcG9zAzEEdnRpZAMEc2VjA3Nj/RV=2/RE=1648652795/RO=10/RU=https%3a%2f%2fstatisticsglobe.com%2fadd-new-column-existing-csv-file-python%23%3a~%3atext%3dFor%2520this%2520task%252C%2520we%2520first%2520have%2520to%2520import%2c%253D%2520new_col%2520%2523%2520Append%2520list%2520as%2520new%2520variable/RK=2/RS=_maabvcpbCEr5BDQFraoLtlYbOs-,Add Column to Existing CSV File in Python | List to pandas DataFrame,2022-03-30 15:06:37,13293097597221021,1,13293108855195970
91,"https://statisticsglobe.com/add-new-column-existing-csv-file-python#:~:text=For%20this%20task%2C%20we%20first%20have%20to%20import,%3D%20new_col%20%23%20Append%20list%20as%20new%20variable",Add Column to Existing CSV File in Python | List to pandas DataFrame,2022-03-30 15:06:38,13293097598539511,1,13293108855195970
92,https://video.search.yahoo.com/search/video;_ylt=Awr9DuR6AURiyBIA2VtXNyoA;_ylu=Y29sbwNncTEEcG9zAzMEdnRpZAMEc2VjA3Nj?p=how+to+insert+new+column+in+csv+using+python&type=E210US91213G0&ei=UTF-8&fr=mcafee&turl=https%3A%2F%2Ftse1.mm.bing.net%2Fth%3Fid%3DOVP.a9Z5h5i49uURkKl57Ou1UQIIEk%26pid%3DApi%26w%3D200%26h%3D114%26c%3D7&rurl=https%3A%2F%2Fwww.youtube.com%2Fwatch%3Fv%3DB4Rf4JvdmRo&tit=Append+CSV+in+Python+%7C+Append+data+to+already+existing+CSV+file+Python&pos=3&vid=cfcb98873a57b3ee8e7e77bfdd99f92d&sigr=q3vuZUMqcH9e&sigt=DYiyxo7SxITQ&sigi=83jpCSXgVzp1,how to insert new column in csv using python - Yahoo Video Search Results,2022-03-30 15:06:46,13293097606218311,1,13293108855195970
93,https://video.search.yahoo.com/search/video?fr=mcafee&ei=UTF-8&p=how+to+insert+new+column+in+csv+using+python&type=E210US91213G0,how to insert new column in csv using python - Yahoo Video Search Results,2022-03-30 15:06:47,13293097607729731,1,13293108855195970
94,https://video.search.yahoo.com/search/video?fr=mcafee&ei=UTF-8&p=how+to+insert+new+column+in+csv+using+python&type=E210US91213G0#id=1&vid=cfcb98873a57b3ee8e7e77bfdd99f92d&action=click,how to insert new column in csv using python - Yahoo Video Search Results,2022-03-30 15:06:47,13293097607734319,1,13293108855195970
95,https://video.search.yahoo.com/search/video?fr=mcafee&ei=UTF-8&p=how+to+insert+new+column+in+csv+using+python&type=E210US91213G0#id=2&vid=cfcb98873a57b3ee8e7e77bfdd99f92d&action=click,how to insert new column in csv using python - Yahoo Video Search Results,2022-03-30 15:06:47,13293097607756317,1,13293108855195970
96,https://r.search.yahoo.com/_ylt=Awr9DuR6AURiyBIA3FtXNyoA;_ylu=Y29sbwNncTEEcG9zAzEEdnRpZAMEc2VjA3Ny/RV=2/RE=1648652795/RO=10/RU=https%3a%2f%2fstackoverflow.com%2fquestions%2f11070527%2fhow-to-add-a-new-column-to-a-csv-file/RK=2/RS=hw6VYdlg.gjpkxCaBnnHCysktaA-,python - How to add a new column to a CSV file? - Stack Overflow,2022-03-30 15:06:51,13293097611698995,1,13293108855195970
97,https://stackoverflow.com/questions/11070527/how-to-add-a-new-column-to-a-csv-file,python - How to add a new column to a CSV file? - Stack Overflow,2022-03-30 15:06:52,13293097612056586,1,13293108855195970
98,https://r.search.yahoo.com/_ylt=Awr9DuR6AURiyBIA3ltXNyoA;_ylu=Y29sbwNncTEEcG9zAzIEdnRpZAMEc2VjA3Ny/RV=2/RE=1648652795/RO=10/RU=https%3a%2f%2fstatisticsglobe.com%2fadd-new-column-existing-csv-file-python/RK=2/RS=3MupEOVWl2wqxdI2IS.znVfZgnU-,Add Column to Existing CSV File in Python | List to pandas DataFrame,2022-03-30 15:06:54,13293097614091431,1,13293108855195970
99,https://statisticsglobe.com/add-new-column-existing-csv-file-python,Add Column to Existing CSV File in Python | List to pandas DataFrame,2022-03-30 15:06:55,13293097615444125,1,13293108855195970
100,https://search.yahoo.com/search?fr=mcafee&type=E210US91213G0&p=how+to+add+list+in+csv+python,how to add list in csv python - Yahoo Search Results,2022-03-30 15:24:24,13293098664350299,1,13293108855195970
101,https://r.search.yahoo.com/_ylt=AwrT4a.oBURioroARRJXNyoA;_ylu=Y29sbwNncTEEcG9zAzEEdnRpZAMEc2VjA3Nj/RV=2/RE=1648653864/RO=10/RU=https%3a%2f%2fwww.delftstack.com%2fhowto%2fpython%2fpython-append-to-csv%2f%23%3a~%3atext%3dAppend%2520Data%2520in%2520List%2520to%2520CSV%2520File%2520in%2cthe%2520CSV%2520writer%2520%2528%2529%2520object%25E2%2580%2599s%2520writerow%2520%2528%2529%2520function./RK=2/RS=.YvyoPrHfoBvqmwzvag6hJDXBG0-,Append New Row to a CSV File in Python | Delft Stack,2022-03-30 15:24:27,13293098667456755,1,13293108855195970
102,"https://www.delftstack.com/howto/python/python-append-to-csv/#:~:text=Append%20Data%20in%20List%20to%20CSV%20File%20in,the%20CSV%20writer%20%28%29%20object%E2%80%99s%20writerow%20%28%29%20function.",Append New Row to a CSV File in Python | Delft Stack,2022-03-30 15:24:27,13293098667865516,1,13293108855195970
103,https://search.yahoo.com/search;_ylt=AwrT4a.oBURioroAOhJXNyoA;_ylc=X1MDMjc2NjY3OQRfcgMyBGZyA21jYWZlZQRmcjIDc2ItdG9wBGdwcmlkA3ZNSzB6NnEzU3ZLQkJHRGZoLlpxQkEEbl9yc2x0AzAEbl9zdWdnAzQEb3JpZ2luA3NlYXJjaC55YWhvby5jb20EcG9zAzAEcHFzdHIDBHBxc3RybAMwBHFzdHJsAzQyBHF1ZXJ5A2hvdyUyMHRvJTIwYWRkJTIwbGlzdCUyMGluJTIwY3N2JTIwcHl0aG9uJTIwdXNpbmclMjBwYW5kYXMEdF9zdG1wAzE2NDg2MjUxNzI-?p=how+to+add+list+in+csv+python+using+pandas&fr2=sb-top&fr=mcafee&type=E210US91213G0,how to add list in csv python using pandas - Yahoo Search Results,2022-03-30 15:26:12,13293098772667243,1,13293108855195970
104,https://r.search.yahoo.com/_ylt=Awr9DtgUBkRi2bkAOhlXNyoA;_ylu=Y29sbwNncTEEcG9zAzEEdnRpZAMEc2VjA3Ny/RV=2/RE=1648653973/RO=10/RU=https%3a%2f%2fstackoverflow.com%2fquestions%2f71672153%2fadd-list-to-existing-csv/RK=2/RS=VYHY5ba_PfLzjrfs__s6LM0VNPI-,python - Add list to existing csv - Stack Overflow,2022-03-30 15:26:16,13293098776409282,1,13293108855195970
105,https://stackoverflow.com/questions/71672153/add-list-to-existing-csv,python - Add list to existing csv - Stack Overflow,2022-03-30 15:26:16,13293098776730158,1,13293108855195970
106,https://r.search.yahoo.com/_ylt=Awr9DtgUBkRi2bkAPBlXNyoA;_ylu=Y29sbwNncTEEcG9zAzIEdnRpZAMEc2VjA3Ny/RV=2/RE=1648653973/RO=10/RU=https%3a%2f%2fpythonguides.com%2fpython-write-a-list-to-csv%2f/RK=2/RS=MFiwPFjApTtVNqx5we4sBDELYGw-,Python Write A List To CSV - Python Guides,2022-03-30 15:27:27,13293098847095430,1,13293108855195970
107,https://pythonguides.com/python-write-a-list-to-csv/,Python Write A List To CSV - Python Guides,2022-03-30 15:27:27,13293098847672330,1,13293108855195970
108,https://www.youtube.com/,YouTube,2022-03-30 16:43:13,13293103393283652,1,13293108855195970
109,https://www.youtube.com/results?search_query=how+to+append+new+column+to+pandas+dataframe,how to append new column to pandas dataframe - YouTube,2022-03-30 16:43:13,13293103393287000,1,13293108855195970
110,https://www.youtube.com/watch?v=IKiDSOUTQX8,Pandas Adding Column To DataFrame - 5 Methods - YouTube,2022-03-30 16:43:15,13293103395296926,1,13293108855195970
111,https://www.youtube.com/results?search_query=how+to+append+new+column+exisiting+csv+to+pandas+dataframe,how to append new column exisiting csv to pandas dataframe - YouTube,2022-03-30 16:43:39,13293103419365528,1,13293108855195970
112,https://www.youtube.com/watch?v=UvCO5gKQqtE&t=351s,Pandas How add new column existing DataFrame - YouTube,2022-03-30 16:43:43,13293103423519412,1,13293108855195970
113,https://www.youtube.com/watch?v=9Ajrr1nSSVc,add column to existing csv - YouTube,2022-03-30 16:45:28,13293103528935453,1,13293108855195970
114,https://www.youtube.com/watch?v=HQ6XO9eT-fc,Python Pandas Tutorial (Part 6): Add/Remove Rows and Columns From DataFrames - YouTube,2022-03-30 16:45:45,13293103545958999,1,13293108855195970
115,https://search.yahoo.com/search?fr=mcafee&type=E210US91213G0&p=ValueError%3A+Length+of+values+(1)+does+not+match+length+of+index+(118),ValueError: Length of values (1) does not match length of index (118) - Yahoo Search Results,2022-03-30 16:49:53,13293103793747965,1,13293108855195970
116,https://r.search.yahoo.com/_ylt=Awr9DsmxGURipTEAgxVXNyoA;_ylu=Y29sbwNncTEEcG9zAzEEdnRpZAMEc2VjA3Ny/RV=2/RE=1648658994/RO=10/RU=https%3a%2f%2fwww.geeksforgeeks.org%2fhow-to-fix-length-of-values-does-not-match-length-of-index%2f/RK=2/RS=VW.MjZYukDR9n7DnCQ9H87AD1b0-,How to Fix: Length of values does not match length of index - GeeksforGeeks,2022-03-30 16:49:56,13293103796092467,1,13293108855195970
117,https://www.geeksforgeeks.org/how-to-fix-length-of-values-does-not-match-length-of-index/,How to Fix: Length of values does not match length of index - GeeksforGeeks,2022-03-30 16:49:56,13293103796240506,1,13293108855195970
118,https://www.youtube.com/results?search_query=how+to+append+new+column+on+existing+csv+file+python,how to append new column on existing csv file python - YouTube,2022-03-30 17:11:10,13293105070013231,1,13293108855195970
119,https://www.youtube.com/watch?v=UvCO5gKQqtE&t=399s,Pandas How add new column existing DataFrame - YouTube,2022-03-30 17:11:18,13293105078155601,1,13293108855195970
120,https://search.yahoo.com/search?fr=mcafee&type=E210US91213G0&p=how+to+add+array+list+to+a+csv+python,how to add array list to a csv python - Yahoo Search Results,2022-03-30 17:24:53,13293105893871557,1,13293108855195970
121,https://stackoverflow.com/questions/21465447/writing-array-to-csv-python-one-column,Writing array to csv python (one column) - Stack Overflow,2022-03-30 17:24:56,13293105896824128,1,13293108855195970
122,https://search.yahoo.com/search?fr=mcafee&type=E210US91213G0&p=how+to+pass+array+list+in+csv+column+using+python,how to pass array list in csv column using python - Yahoo Search Results,2022-03-30 18:01:12,13293108072836996,1,13293108855195970
123,https://r.search.yahoo.com/_ylt=Awr9DtZoKkRiBusARiJXNyoA;_ylu=Y29sbwNncTEEcG9zAzMEdnRpZAMEc2VjA3Ny/RV=2/RE=1648663273/RO=10/RU=https%3a%2f%2fpythonguides.com%2fpython-write-array-to-csv%2f/RK=2/RS=PDEWZbKtkflpWrgI0rMhhtQ43CY-,How To Write Python Array To CSV - Python Guides,2022-03-30 18:01:32,13293108092614793,1,13293108855195970
124,https://pythonguides.com/python-write-array-to-csv/,How To Write Python Array To CSV - Python Guides,2022-03-30 18:01:32,13293108092975266,1,13293108855195970
125,https://search.yahoo.com/search;_ylt=Awr9DtZoKkRiBusAKSJXNyoA;_ylc=X1MDMjc2NjY3OQRfcgMyBGZyA21jYWZlZQRmcjIDc2ItdG9wBGdwcmlkA2ZXeERjUDhGVDNTOGZmZmF3REVCZkEEbl9yc2x0AzAEbl9zdWdnAzAEb3JpZ2luA3NlYXJjaC55YWhvby5jb20EcG9zAzAEcHFzdHIDBHBxc3RybAMwBHFzdHJsAzQ4BHF1ZXJ5A2hvdyUyMHRvJTIwcHV0JTIwYXJyYXklMjBsaXN0JTIwaW4lMjBjc3YlMjBjb2x1bW4lMjB1c2luZyUyMHB5dGhvbgR0X3N0bXADMTY0ODYzNDUwNA--?p=how+to+put+array+list+in+csv+column+using+python&fr2=sb-top&fr=mcafee&type=E210US91213G0,how to put array list in csv column using python - Yahoo Search Results,2022-03-30 18:01:44,13293108104831253,1,13293108855195970
126,https://search.yahoo.com/search;_ylt=Awr9Il6IKkRiK5AAGiRXNyoA;_ylc=X1MDMjc2NjY3OQRfcgMyBGZyA21jYWZlZQRmcjIDc2ItdG9wBGdwcmlkA0prcjlKMXBuUjkyUmpwa2wydnhBMEEEbl9yc2x0AzAEbl9zdWdnAzAEb3JpZ2luA3NlYXJjaC55YWhvby5jb20EcG9zAzAEcHFzdHIDBHBxc3RybAMwBHFzdHJsAzcxBHF1ZXJ5A2hvdyUyMHRvJTIwcHV0JTIwYXJyYXklMjBsaXN0JTIwaW4lMjBjc3YlMjBjb2x1bW4lMjBpbiUyMGV4aXNpdGluZyUyMGNzdiUyMGZpbGUlMjAlMjB1c2luZyUyMHB5dGhvbgR0X3N0bXADMTY0ODYzNDUyNw--?p=how+to+put+array+list+in+csv+column+in+exisiting+csv+file++using+python&fr2=sb-top&fr=mcafee&type=E210US91213G0,how to put array list in csv column in exisiting csv file using python - Yahoo Search Results,2022-03-30 18:02:07,13293108127928467,1,13293108855195970
127,https://r.search.yahoo.com/_ylt=Awr9BHygKkRiJ7sAoyNXNyoA;_ylu=Y29sbwNncTEEcG9zAzEEdnRpZAMEc2VjA3Ny/RV=2/RE=1648663328/RO=10/RU=https%3a%2f%2fstackoverflow.com%2fquestions%2f38928112%2fadding-a-column-to-existing-csv-file-as-an-array-python/RK=2/RS=J2YdVQdBx2zDqohiRtcUDr2CG4g-,list - Adding a column to existing csv file as an array (Python) - Stack Overflow,2022-03-30 18:02:12,13293108132742893,1,13293108855195970
128,https://stackoverflow.com/questions/38928112/adding-a-column-to-existing-csv-file-as-an-array-python,list - Adding a column to existing csv file as an array (Python) - Stack Overflow,2022-03-30 18:02:13,13293108133065461,1,13293108855195970
129,https://r.search.yahoo.com/_ylt=Awr9BHygKkRiJ7sAqyNXNyoA;_ylu=Y29sbwNncTEEcG9zAzUEdnRpZAMEc2VjA3Ny/RV=2/RE=1648663328/RO=10/RU=https%3a%2f%2fstackoverflow.com%2fquestions%2f8199041%2fwriting-a-python-list-into-a-single-csv-column/RK=2/RS=kV1gj8zcg8rTkIFR3GgEhvZegq4-,Writing a Python list into a single CSV column - Stack Overflow,2022-03-30 18:03:08,13293108188492627,1,13293108855195970
130,https://stackoverflow.com/questions/8199041/writing-a-python-list-into-a-single-csv-column,Writing a Python list into a single CSV column - Stack Overflow,2022-03-30 18:03:08,13293108188853240,1,13293108855195970
131,https://search.yahoo.com/search?fr=mcafee&type=E210US91213G0&p=how+to+add+list+on+exisiting+csv+file+python,how to add list on exisiting csv file python - Yahoo Search Results,2022-03-30 18:06:18,13293108378724840,1,13293108855195970
132,https://r.search.yahoo.com/_ylt=Awr9IkyaK0Ri6vwAyNhXNyoA;_ylu=Y29sbwNncTEEcG9zAzEEdnRpZAMEc2VjA3Nj/RV=2/RE=1648663579/RO=10/RU=https%3a%2f%2fpython-programs.com%2fpython-how-to-append-a-new-row-to-an-existing-csv-file%2f%23%3a~%3atext%3dOpen%2520our%2520csv%2520file%2520in%2520append%2520mode%2520and%2ca%2520new%2520row%2520in%2520the%2520associated%2520csv%2520file./RK=2/RS=dluk9zX4HO4BrXS5CQE9HOY19yo-,Python: How to append a new row to an existing csv file? - Python Programs,2022-03-30 18:06:21,13293108381248543,1,13293108855195970
133,"https://python-programs.com/python-how-to-append-a-new-row-to-an-existing-csv-file/#:~:text=Open%20our%20csv%20file%20in%20append%20mode%20and,a%20new%20row%20in%20the%20associated%20csv%20file.",Python: How to append a new row to an existing csv file? - Python Programs,2022-03-30 18:06:21,13293108381643442,1,13293108855195970
134,https://r.search.yahoo.com/_ylt=Awr9IkyaK0Ri6vwA09hXNyoA;_ylu=Y29sbwNncTEEcG9zAzIEdnRpZAMEc2VjA3Ny/RV=2/RE=1648663579/RO=10/RU=https%3a%2f%2fstackoverflow.com%2fquestions%2f42188494%2fhow-to-append-a-new-list-to-an-existing-csv-file/RK=2/RS=vGy9JcV.WaA.sYjV4kyqzpNeeKQ-,python - How to append a new list to an existing CSV file? - Stack Overflow,2022-03-30 18:06:24,13293108384691216,1,13293108855195970
135,https://stackoverflow.com/questions/42188494/how-to-append-a-new-list-to-an-existing-csv-file,python - How to append a new list to an existing CSV file? - Stack Overflow,2022-03-30 18:06:25,13293108385028707,1,13293108855195970
136,https://search.yahoo.com/search?fr=mcafee&type=E210US91213G0&p=how+to+add+new+column+in+exsiting+csv+uing+python,how to add new column in exsiting csv uing python - Yahoo Search Results,2022-03-30 18:08:00,13293108480654884,1,13293108855195970
137,https://r.search.yahoo.com/_ylt=Awr9DswALERiTxYA2LBXNyoA;_ylu=Y29sbwNncTEEcG9zAzEEdnRpZAMEc2VjA3Nj/RV=2/RE=1648663681/RO=10/RU=https%3a%2f%2fstackoverflow.com%2fquestions%2f36882130%2fhow-to-append-a-new-column-to-a-csv-file-using-python%23%3a~%3atext%3dimport%2520pandas%2520as%2520pd%2520df%2520%253D%2520pd.read_csv%2520%2528%2527path%252Fto%252Fcsv.csv%2527%252C%2csave%2520the%2520dataframe%2520to%2520CSV%2520df.to_csv%2520%2528%2527path%252Fto%252Ffile.csv%2527%252C%2520sep%253D%2527t%2527%2529/RK=2/RS=jts8Q6WyksrKn.l2UGOTLKqDfDE-,How to append a new column to a CSV file using Python? - Stack Overflow,2022-03-30 18:08:03,13293108483848981,1,13293108855195970
138,"https://stackoverflow.com/questions/36882130/how-to-append-a-new-column-to-a-csv-file-using-python#:~:text=import%20pandas%20as%20pd%20df%20%3D%20pd.read_csv%20%28%27path%2Fto%2Fcsv.csv%27%2C,save%20the%20dataframe%20to%20CSV%20df.to_csv%20%28%27path%2Fto%2Ffile.csv%27%2C%20sep%3D%27t%27%29",How to append a new column to a CSV file using Python? - Stack Overflow,2022-03-30 18:08:04,13293108484189796,1,13293108855195970
139,https://search.yahoo.com/search?fr=mcafee&type=E210US91213G0&p=how+to+add+value+in+column+csv+file,how to add value in column csv file - Yahoo Search Results,2022-03-30 18:09:25,13293108565320862,1,13293108855195970
140,https://search.yahoo.com/search;_ylt=Awr9DuVVLERiYg4AiuBXNyoA;_ylc=X1MDMjc2NjY3OQRfcgMyBGZyA21jYWZlZQRmcjIDc2ItdG9wBGdwcmlkA0xSRzhuUWcyUjl5bnVSNTNPQlBaY0EEbl9yc2x0AzAEbl9zdWdnAzQEb3JpZ2luA3NlYXJjaC55YWhvby5jb20EcG9zAzAEcHFzdHIDBHBxc3RybAMwBHFzdHJsAzQyBHF1ZXJ5A2hvdyUyMHRvJTIwYWRkJTIwdmFsdWUlMjBpbiUyMGNvbHVtbiUyMGNzdiUyMGZpbGUlMjBweXRob24EdF9zdG1wAzE2NDg2MzQ5Njg-?p=how+to+add+value+in+column+csv+file+python&fr2=sb-top&fr=mcafee&type=E210US91213G0,how to add value in column csv file python - Yahoo Search Results,2022-03-30 18:09:28,13293108568776292,1,13293108855195970
141,https://r.search.yahoo.com/_ylt=Awr9DuxYLERiCd0AUltXNyoA;_ylu=Y29sbwNncTEEcG9zAzEEdnRpZAMEc2VjA3Nj/RV=2/RE=1648663769/RO=10/RU=https%3a%2f%2fwww.pythontutorial.net%2fpython-basics%2fpython-write-csv-file%2f/RK=2/RS=nSv9lXkMKQ32q6JVSrlq1_IVRgo-,How to Write to CSV Files in Python,2022-03-30 18:09:31,13293108571028410,1,13293108855195970
142,https://www.pythontutorial.net/python-basics/python-write-csv-file/,How to Write to CSV Files in Python,2022-03-30 18:09:31,13293108571197719,1,13293108855195970
143,https://video.search.yahoo.com/search/video;_ylt=Awr9DuxYLERiCd0AU1tXNyoA;_ylu=Y29sbwNncTEEcG9zAzIEdnRpZAMEc2VjA3Nj?p=how+to+add+value+in+column+csv+file+python&type=E210US91213G0&ei=UTF-8&fr=mcafee&turl=https%3A%2F%2Ftse3.mm.bing.net%2Fth%3Fid%3DOVP.ff0YbGnXZQg9IX9WUVNZjQIIEk%26pid%3DApi%26w%3D200%26h%3D114%26c%3D7&rurl=https%3A%2F%2Fwww.youtube.com%2Fwatch%3Fv%3D4mqyi8Vqk78&tit=CSV+Column+To+Python+List&pos=1&vid=cb9d3a09618295c0d1153fc93a4e511b&sigr=9ft_iA8C_Hpn&sigt=QCSHZGP4iBs.&sigi=xLZfEXQ.6QMH,how to add value in column csv file python - Yahoo Video Search Results,2022-03-30 18:10:39,13293108639979426,1,13293108855195970
144,https://video.search.yahoo.com/search/video?fr=mcafee&ei=UTF-8&p=how+to+add+value+in+column+csv+file+python&type=E210US91213G0#id=1&vid=cb9d3a09618295c0d1153fc93a4e511b&action=click,how to add value in column csv file python - Yahoo Video Search Results,2022-03-30 18:10:41,13293108641302299,1,13293108855195970
145,https://video.search.yahoo.com/search/video;_ylt=Awr9DuxYLERiCd0AVVtXNyoA;_ylu=Y29sbwNncTEEcG9zAzIEdnRpZAMEc2VjA3Nj?p=how+to+add+value+in+column+csv+file+python&type=E210US91213G0&ei=UTF-8&fr=mcafee&turl=https%3A%2F%2Ftse3.mm.bing.net%2Fth%3Fid%3DOVP.PBRk8XA_qhnnSnu5hxI_tAEsCo%26pid%3DApi%26w%3D200%26h%3D114%26c%3D7&rurl=https%3A%2F%2Fwww.youtube.com%2Fwatch%3Fv%3D-jerzfh2bS0&tit=Python+Pandas+Data+Science+Tutorial+%28Read+CSV%2FExcel%2C+add%2Fdelete+columns%2C+Filter%2C+Groupby%2C+Slice%29&pos=3&vid=fbc88be59df18eafbd2a869d600ff4c4&sigr=JBwvCqxZ9NT4&sigt=nRoRVAxQnrnQ&sigi=CMm8r6ceoCd_,how to add value in column csv file python - Yahoo Video Search Results,2022-03-30 18:10:46,13293108646661249,1,13293108855195970
146,https://video.search.yahoo.com/search/video?fr=mcafee&ei=UTF-8&p=how+to+add+value+in+column+csv+file+python&type=E210US91213G0,how to add value in column csv file python - Yahoo Video Search Results,2022-03-30 18:10:48,13293108648274007,1,13293108855195970
147,https://video.search.yahoo.com/search/video?fr=mcafee&ei=UTF-8&p=how+to+add+value+in+column+csv+file+python&type=E210US91213G0#id=1&vid=fbc88be59df18eafbd2a869d600ff4c4&action=click,how to add value in column csv file python - Yahoo Video Search Results,2022-03-30 18:10:48,13293108648276494,1,13293108855195970
148,https://video.search.yahoo.com/search/video?fr=mcafee&ei=UTF-8&p=how+to+add+value+in+column+csv+file+python&type=E210US91213G0#id=3&vid=fbc88be59df18eafbd2a869d600ff4c4&action=click,how to add value in column csv file python - Yahoo Video Search Results,2022-03-30 18:10:48,13293108648288234,1,13293108855195970
149,https://search.yahoo.com/search;_ylt=Awr9BHygKkRiJ7sAuSNXNyoA;_ylu=Y29sbwNncTEEcG9zAzEEdnRpZAMEc2VjA3BhZ2luYXRpb24-?p=how+to+put+array+list+in+csv+column+in+exisiting+csv+file++using+python&type=E210US91213G0&fr=mcafee&fr2=sb-top&b=8&pz=7&bct=0&xargs=0,how to put array list in csv column in exisiting csv file using python - Yahoo Search Results,2022-03-30 18:13:53,13293108833261689,1,13293108855195970
150,https://search.yahoo.com/search;_ylt=Awr9DshhLURiCygACjhXNyoA;_ylc=X1MDMjc2NjY3OQRfcgMyBGZyA21jYWZlZQRmcjIDc2EtZ3Atc2VhcmNoBGdwcmlkA1M4OThIc3hIVGdlRGZlSk1EaVFVekEEbl9yc2x0AzAEbl9zdWdnAzQEb3JpZ2luA3NlYXJjaC55YWhvby5jb20EcG9zAzEEcHFzdHIDaG93IHRvIGFkZCB2YWx1ZSBvbiBjc3YgZmlsZSB1c2luZyAEcHFzdHJsAzM1BHFzdHJsAzQxBHF1ZXJ5A2hvdyUyMHRvJTIwYWRkJTIwdmFsdWUlMjBvbiUyMGNzdiUyMGZpbGUlMjB1c2luZyUyMHBhbmRhcwR0X3N0bXADMTY0ODYzNTI1MgR1c2VfY2FzZQM-?p=how+to+add+value+on+csv+file+using+pandas&fr2=sa-gp-search&fr=mcafee&type=E210US91213G0,how to add value on csv file using pandas - Yahoo Search Results,2022-03-30 18:14:12,13293108852517355,1,13293108855195970
151,https://r.search.yahoo.com/_ylt=Awr9Dul0LURiBz0AepdXNyoA;_ylu=Y29sbwNncTEEcG9zAzEEdnRpZAMEc2VjA3Nj/RV=2/RE=1648664053/RO=10/RU=https%3a%2f%2fwww.statology.org%2fpandas-to-csv-append%2f%23%3a~%3atext%3dYou%2520can%2520use%2520the%2520following%2520syntax%2520in%2520pandas%2can%2520index%2520column%2520when%2520appending%2520the%2520new%2520data./RK=2/RS=Bf3NIUPJRXmsupMpMTHFRP_KBYI-,Pandas: How to Append Data to Existing CSV File - Statology,2022-03-30 18:14:14,13293108854818473,1,13293108855195970
152,"https://www.statology.org/pandas-to-csv-append/#:~:text=You%20can%20use%20the%20following%20syntax%20in%20pandas,an%20index%20column%20when%20appending%20the%20new%20data.",Pandas: How to Append Data to Existing CSV File - Statology,2022-03-30 18:14:15,13293108855195970,1,13293108855195970
